{
  "macro_f1": 0.7842,
  "num_train": 2691,
  "num_eval": 673,
  "classification_report": {
    "general_info": {
      "precision": 0.9761904761904762,
      "recall": 0.9979716024340771,
      "f1-score": 0.9869608826479438,
      "support": 493.0
    },
    "symptoms": {
      "precision": 0.937984496124031,
      "recall": 0.952755905511811,
      "f1-score": 0.9453125,
      "support": 127.0
    },
    "medication": {
      "precision": 0.9655172413793104,
      "recall": 0.9032258064516129,
      "f1-score": 0.9333333333333333,
      "support": 31.0
    },
    "prevention": {
      "precision": 1.0,
      "recall": 0.7142857142857143,
      "f1-score": 0.8333333333333334,
      "support": 14.0
    },
    "emergency": {
      "precision": 1.0,
      "recall": 0.125,
      "f1-score": 0.2222222222222222,
      "support": 8.0
    },
    "unknown": {
      "precision": 0.0,
      "recall": 0.0,
      "f1-score": 0.0,
      "support": 0.0
    },
    "accuracy": 0.9687964338781575,
    "macro avg": {
      "precision": 0.8132820356156363,
      "recall": 0.6155398381138693,
      "f1-score": 0.6535270452561389,
      "support": 673.0
    },
    "weighted avg": {
      "precision": 0.9692674149367241,
      "recall": 0.9687964338781575,
      "f1-score": 0.9643449931994266,
      "support": 673.0
    }
  }
}